{
  "phase1Time": 1717,
  "networkLog": 476,
  "networkAt2s": 476,
  "polls": [],
  "jumps": [],
  "intervals": [
    16.700000000000045,
    16.700000000000045,
    16.59999999999991,
    16.700000000000045,
    16.700000000000045,
    16.59999999999991,
    16.700000000000045,
    16.600000000000136,
    16.699999999999818,
    16.600000000000136,
    16.700000000000045,
    16.699999999999818,
    16.600000000000136,
    16.700000000000045,
    16.699999999999818,
    16.600000000000136,
    16.700000000000045,
    16.699999999999818,
    16.600000000000136,
    16.700000000000045,
    16.59999999999991,
    16.700000000000045,
    16.700000000000045,
    16.699999999999818,
    16.600000000000136,
    16.700000000000045,
    16.699999999999818,
    16.600000000000136,
    16.700000000000045,
    16.699999999999818,
    16.700000000000045,
    16.700000000000045,
    16.59999999999991,
    16.600000000000136,
    16.700000000000045,
    16.699999999999818,
    16.600000000000136,
    16.700000000000045,
    16.699999999999818,
    16.700000000000045,
    16.600000000000136,
    16.699999999999818,
    16.600000000000136,
    16.700000000000045,
    16.59999999999991,
    16.700000000000045,
    16.700000000000045,
    16.699999999999818,
    16.700000000000273,
    16.59999999999991,
    16.699999999999818,
    16.59999999999991,
    16.700000000000273,
    16.59999999999991,
    16.699999999999818,
    16.700000000000273,
    16.59999999999991,
    16.699999999999818,
    16.700000000000273,
    16.59999999999991,
    16.800000000000182,
    16.59999999999991,
    16.59999999999991,
    16.800000000000182,
    16.59999999999991,
    16.699999999999818,
    16.59999999999991,
    16.700000000000273,
    16.59999999999991,
    66.69999999999982,
    16.700000000000273,
    33.29999999999973,
    16.700000000000273,
    16.699999999999818,
    16.59999999999991,
    33.30000000000018,
    16.699999999999818,
    16.600000000000364,
    16.699999999999818,
    16.699999999999818,
    33.40000000000009,
    16.59999999999991,
    16.700000000000273,
    33.29999999999973,
    16.700000000000273,
    16.59999999999991,
    16.699999999999818,
    33.30000000000018,
    16.699999999999818,
    16.700000000000273,
    16.59999999999991,
    33.40000000000009,
    16.59999999999991,
    16.699999999999818,
    16.700000000000273,
    33.29999999999973,
    16.600000000000364,
    16.699999999999818,
    33.30000000000018,
    16.699999999999818,
    16.699999999999818,
    33.30000000000018,
    16.59999999999991,
    16.700000000000273,
    16.699999999999818,
    16.699999999999818,
    33.30000000000018,
    16.59999999999991,
    16.700000000000273,
    16.699999999999818,
    16.699999999999818,
    16.700000000000273,
    16.59999999999991,
    16.699999999999818,
    16.600000000000364,
    16.799999999999727,
    16.59999999999991,
    16.600000000000364,
    16.699999999999818,
    16.699999999999818,
    16.600000000000364,
    16.699999999999818,
    16.699999999999818,
    16.600000000000364,
    16.799999999999727,
    16.59999999999991,
    16.700000000000273,
    16.59999999999991,
    16.699999999999818,
    16.600000000000364,
    16.699999999999818,
    16.59999999999991,
    16.800000000000182,
    16.59999999999991,
    16.59999999999991,
    16.800000000000182,
    16.59999999999991,
    16.699999999999818,
    16.600000000000364,
    16.699999999999818,
    16.699999999999818,
    16.600000000000364,
    16.699999999999818,
    16.59999999999991,
    16.700000000000273,
    16.699999999999818,
    16.699999999999818,
    16.600000000000364,
    16.699999999999818,
    16.699999999999818,
    16.600000000000364,
    16.699999999999818,
    16.59999999999991,
    16.700000000000273,
    16.699999999999818,
    16.59999999999991,
    16.700000000000273,
    16.699999999999818,
    16.699999999999818,
    16.600000000000364,
    16.599999999999454,
    16.800000000000182,
    16.600000000000364,
    16.699999999999818,
    16.600000000000364,
    16.699999999999818,
    16.599999999999454,
    16.700000000000728,
    16.699999999999818,
    16.699999999999818,
    16.699999999999818,
    16.600000000000364,
    16.699999999999818,
    16.600000000000364,
    16.699999999999818,
    16.599999999999454,
    16.800000000000182,
    16.699999999999818,
    49.900000000000546,
    33.399999999999636,
    33.19999999999982,
    33.400000000000546,
    33.399999999999636,
    33.30000000000018,
    33.30000000000018,
    33.30000000000018,
    33.399999999999636,
    33.30000000000018,
    33.30000000000018,
    33.399999999999636,
    33.30000000000018,
    33.30000000000018,
    33.399999999999636,
    33.30000000000018,
    33.30000000000018,
    33.29999999999927,
    33.400000000000546,
    33.399999999999636,
    33.30000000000018,
    33.30000000000018,
    33.30000000000018,
    33.29999999999927,
    33.400000000000546,
    33.399999999999636,
    33.19999999999982,
    33.30000000000018,
    33.400000000000546,
    33.29999999999927,
    33.400000000000546,
    33.30000000000018,
    33.29999999999927,
    16.700000000000728,
    33.399999999999636,
    33.30000000000018,
    33.30000000000018,
    33.29999999999927,
    33.400000000000546,
    33.30000000000018,
    33.29999999999927,
    33.400000000000546,
    33.30000000000018,
    33.29999999999927,
    33.30000000000018,
    16.699999999999818,
    33.400000000000546,
    33.30000000000018,
    33.29999999999927,
    33.30000000000018,
    33.30000000000018,
    33.399999999999636,
    33.30000000000018,
    33.400000000000546,
    33.29999999999927,
    33.30000000000018,
    33.400000000000546,
    33.29999999999927,
    33.30000000000018,
    33.400000000000546,
    33.29999999999927,
    83.40000000000055,
    33.19999999999982,
    33.399999999999636,
    33.400000000000546,
    49.899999999999636,
    33.30000000000018,
    33.399999999999636,
    33.30000000000018,
    33.400000000000546,
    33.29999999999927,
    33.30000000000018,
    33.30000000000018,
    33.399999999999636,
    33.30000000000018,
    33.400000000000546,
    33.19999999999982,
    33.399999999999636,
    33.400000000000546,
    33.29999999999927,
    33.30000000000018,
    33.30000000000018,
    33.30000000000018,
    33.399999999999636,
    33.30000000000018,
    33.399999999999636,
    33.30000000000018,
    33.30000000000018,
    33.30000000000018,
    16.699999999999818,
    33.30000000000018,
    16.699999999999818,
    16.699999999999818,
    16.600000000000364,
    16.699999999999818,
    16.699999999999818,
    16.699999999999818,
    16.600000000000364,
    16.699999999999818,
    16.699999999999818,
    16.600000000000364,
    16.699999999999818,
    16.600000000000364,
    16.699999999999818,
    16.699999999999818,
    16.600000000000364,
    16.699999999999818,
    16.600000000000364,
    16.799999999999272,
    16.600000000000364,
    16.699999999999818,
    16.600000000000364,
    16.699999999999818,
    16.699999999999818,
    16.699999999999818,
    16.600000000000364,
    16.600000000000364,
    16.799999999999272,
    16.600000000000364,
    16.600000000000364,
    16.699999999999818,
    16.699999999999818
  ],
  "finalFrame": 225,
  "scrollY": 900,
  "bodyHeight": 4030
}