{
  "phase1Time": 2168,
  "networkLog": 476,
  "networkAt2s": 476,
  "polls": [],
  "jumps": [],
  "intervals": [
    16.600000000000136,
    16.700000000000045,
    16.59999999999991,
    16.700000000000045,
    16.700000000000045,
    16.59999999999991,
    16.700000000000045,
    16.59999999999991,
    16.799999999999955,
    16.600000000000136,
    16.700000000000045,
    16.59999999999991,
    16.700000000000045,
    16.59999999999991,
    16.799999999999955,
    16.600000000000136,
    16.700000000000045,
    16.59999999999991,
    16.700000000000045,
    16.59999999999991,
    16.799999999999955,
    16.5,
    16.700000000000273,
    16.799999999999727,
    16.59999999999991,
    16.600000000000364,
    16.699999999999818,
    16.699999999999818,
    16.700000000000273,
    16.59999999999991,
    16.59999999999991,
    16.800000000000182,
    16.59999999999991,
    16.59999999999991,
    16.700000000000273,
    16.699999999999818,
    16.59999999999991,
    16.700000000000273,
    16.699999999999818,
    16.699999999999818,
    16.700000000000273,
    16.59999999999991,
    16.699999999999818,
    16.600000000000364,
    16.699999999999818,
    16.59999999999991,
    16.800000000000182,
    16.59999999999991,
    16.59999999999991,
    16.800000000000182,
    16.59999999999991,
    16.699999999999818,
    16.600000000000364,
    16.699999999999818,
    16.699999999999818,
    16.700000000000273,
    16.59999999999991,
    16.59999999999991,
    16.800000000000182,
    16.59999999999991,
    16.699999999999818,
    16.600000000000364,
    16.699999999999818,
    16.699999999999818,
    16.600000000000364,
    16.699999999999818,
    16.699999999999818,
    16.600000000000364,
    16.699999999999818,
    16.59999999999991,
    16.700000000000273,
    83.29999999999973,
    16.700000000000273,
    16.699999999999818,
    16.59999999999991,
    16.700000000000273,
    33.29999999999973,
    16.700000000000273,
    16.699999999999818,
    16.699999999999818,
    16.600000000000364,
    33.399999999999636,
    16.600000000000364,
    16.699999999999818,
    16.59999999999991,
    16.700000000000273,
    16.699999999999818,
    50,
    16.59999999999991,
    33.40000000000009,
    16.699999999999818,
    16.600000000000364,
    16.59999999999991,
    16.699999999999818,
    33.30000000000018,
    16.699999999999818,
    16.700000000000273,
    16.699999999999818,
    33.30000000000018,
    16.699999999999818,
    16.59999999999991,
    16.700000000000273,
    33.29999999999973,
    33.40000000000009,
    33.30000000000018,
    33.29999999999973,
    33.30000000000018,
    16.699999999999818,
    33.30000000000018,
    16.699999999999818,
    16.700000000000273,
    16.59999999999991,
    16.699999999999818,
    16.700000000000273,
    16.699999999999818,
    16.59999999999991,
    16.700000000000273,
    16.59999999999991,
    16.699999999999818,
    16.59999999999991,
    16.800000000000182,
    16.59999999999991,
    16.59999999999991,
    16.800000000000182,
    16.59999999999991,
    16.59999999999991,
    16.699999999999818,
    16.700000000000728,
    16.699999999999818,
    16.599999999999454,
    16.700000000000728,
    16.599999999999454,
    16.800000000000182,
    16.600000000000364,
    16.599999999999454,
    16.699999999999818,
    16.700000000000728,
    16.599999999999454,
    16.699999999999818,
    16.700000000000728,
    16.699999999999818,
    16.599999999999454,
    16.700000000000728,
    16.699999999999818,
    16.699999999999818,
    16.600000000000364,
    16.699999999999818,
    16.599999999999454,
    16.700000000000728,
    16.599999999999454,
    16.699999999999818,
    16.600000000000364,
    16.699999999999818,
    16.699999999999818,
    16.700000000000728,
    16.599999999999454,
    16.699999999999818,
    16.700000000000728,
    16.599999999999454,
    16.699999999999818,
    16.700000000000728,
    16.599999999999454,
    16.699999999999818,
    16.700000000000728,
    16.699999999999818,
    16.599999999999454,
    16.700000000000728,
    16.699999999999818,
    16.599999999999454,
    16.700000000000728,
    16.599999999999454,
    16.699999999999818,
    16.700000000000728,
    16.599999999999454,
    16.699999999999818,
    16.700000000000728,
    16.599999999999454,
    33.30000000000018,
    16.800000000000182,
    33.30000000000018,
    33.29999999999927,
    16.700000000000728,
    33.29999999999927,
    33.30000000000018,
    33.30000000000018,
    33.399999999999636,
    33.30000000000018,
    33.400000000000546,
    33.29999999999927,
    33.30000000000018,
    33.30000000000018,
    33.399999999999636,
    33.30000000000018,
    33.30000000000018,
    33.399999999999636,
    33.30000000000018,
    33.30000000000018,
    33.399999999999636,
    33.30000000000018,
    33.30000000000018,
    33.399999999999636,
    16.600000000000364,
    33.30000000000018,
    33.399999999999636,
    33.30000000000018,
    33.399999999999636,
    33.30000000000018,
    33.30000000000018,
    33.30000000000018,
    33.399999999999636,
    33.400000000000546,
    33.19999999999982,
    33.399999999999636,
    33.30000000000018,
    33.399999999999636,
    33.30000000000018,
    33.400000000000546,
    33.19999999999982,
    33.399999999999636,
    33.30000000000018,
    33.30000000000018,
    33.399999999999636,
    33.30000000000018,
    33.30000000000018,
    33.399999999999636,
    33.30000000000018,
    33.30000000000018,
    33.30000000000018,
    33.399999999999636,
    33.30000000000018,
    33.399999999999636,
    33.30000000000018,
    33.399999999999636,
    33.20000000000073,
    33.399999999999636,
    33.399999999999636,
    33.30000000000018,
    33.30000000000018,
    33.399999999999636,
    33.30000000000018,
    33.19999999999982,
    33.400000000000546,
    33.399999999999636,
    33.19999999999982,
    33.5,
    16.600000000000364,
    33.30000000000018,
    33.399999999999636,
    33.30000000000018,
    33.30000000000018,
    33.30000000000018,
    33.399999999999636,
    33.30000000000018,
    33.399999999999636,
    33.19999999999982,
    33.400000000000546,
    33.30000000000018,
    33.29999999999927,
    33.400000000000546,
    33.399999999999636,
    49.900000000000546,
    33.29999999999927,
    33.30000000000018,
    33.400000000000546,
    33.29999999999927,
    33.30000000000018,
    33.400000000000546,
    33.399999999999636,
    33.19999999999982,
    33.400000000000546,
    16.599999999999454,
    16.699999999999818,
    16.700000000000728,
    16.699999999999818,
    16.599999999999454,
    33.400000000000546,
    16.599999999999454,
    33.400000000000546,
    33.30000000000018,
    16.69999999999891,
    33.30000000000109,
    16.69999999999891,
    16.700000000000728,
    16.600000000000364,
    16.69999999999891,
    16.600000000000364,
    16.700000000000728,
    16.69999999999891,
    16.600000000000364,
    16.700000000000728,
    16.600000000000364,
    16.69999999999891,
    16.700000000000728,
    16.600000000000364,
    16.799999999999272,
    16.600000000000364,
    16.600000000000364,
    16.799999999999272,
    16.600000000000364,
    16.69999999999891
  ],
  "finalFrame": 149,
  "scrollY": 900,
  "bodyHeight": 4982
}